,age_yes,age_no
count,4640.0,36548.0
mean,40.91314655172414,39.911185290576775
std,13.837476239030549,9.898131795279635
min,17.0,17.0
25%,31.0,32.0
50%,37.0,38.0
75%,50.0,47.0
max,98.0,95.0
